X;Y;Zgauss
0.50;0.50;19.09711
1.50;0.50;18.30932
2.50;0.50;17.36895
3.50;0.50;16.41187
4.50;0.50;11.39215
5.50;0.50;8.18846
6.50;0.50;2.75590
7.50;0.50;8.84452
8.50;0.50;10.14876
9.50;0.50;10.25613
10.50;0.50;10.52110
11.50;0.50;10.54587
12.50;0.50;8.73769
13.50;0.50;7.74840
14.50;0.50;9.14522
15.50;0.50;11.90289
16.50;0.50;12.13616
17.50;0.50;12.37851
18.50;0.50;12.70178
19.50;0.50;12.48791
20.50;0.50;10.87105
21.50;0.50;10.48784
22.50;0.50;10.99184
23.50;0.50;11.16023
24.50;0.50;12.06345
25.50;0.50;12.52778
26.50;0.50;14.15082
27.50;0.50;15.73754
28.50;0.50;16.73886
29.50;0.50;17.54561
30.50;0.50;18.63892
31.50;0.50;18.43256
32.50;0.50;17.46450
33.50;0.50;16.49666
34.50;0.50;15.24861
35.50;0.50;12.44206
36.50;0.50;12.17818
37.50;0.50;12.75705
38.50;0.50;14.01059
39.50;0.50;14.17006
40.50;0.50;13.80005
41.50;0.50;13.20182
42.50;0.50;12.51641
43.50;0.50;10.99929
44.50;0.50;12.56744
45.50;0.50;14.46554
46.50;0.50;16.47308
47.50;0.50;18.70324
48.50;0.50;19.39912
49.50;0.50;19.99328
0.50;1.50;18.65057
1.50;1.50;17.75649
2.50;1.50;16.82514
3.50;1.50;15.97340
4.50;1.50;11.82095
5.50;1.50;8.37784
6.50;1.50;3.58576
7.50;1.50;8.79156
8.50;1.50;9.69695
9.50;1.50;9.91515
10.50;1.50;10.08475
11.50;1.50;9.90550
12.50;1.50;8.05496
13.50;1.50;7.22322
14.50;1.50;8.07199
15.50;1.50;11.04372
16.50;1.50;11.21745
17.50;1.50;11.45361
18.50;1.50;11.73782
19.50;1.50;11.46716
20.50;1.50;10.12145
21.50;1.50;9.63513
22.50;1.50;10.52937
23.50;1.50;11.07312
24.50;1.50;12.15420
25.50;1.50;13.22268
26.50;1.50;14.42294
27.50;1.50;15.70984
28.50;1.50;16.59128
29.50;1.50;17.20488
30.50;1.50;18.10105
31.50;1.50;18.03102
32.50;1.50;17.11631
33.50;1.50;16.28525
34.50;1.50;15.29477
35.50;1.50;12.92056
36.50;1.50;12.32022
37.50;1.50;12.73499
38.50;1.50;13.53550
39.50;1.50;13.89350
40.50;1.50;13.68599
41.50;1.50;13.39313
42.50;1.50;12.64610
43.50;1.50;11.80187
44.50;1.50;12.77905
45.50;1.50;14.86871
46.50;1.50;16.67206
47.50;1.50;19.29448
48.50;1.50;19.98585
49.50;1.50;20.81513
0.50;2.50;18.34831
1.50;2.50;17.43927
2.50;2.50;16.69112
3.50;2.50;15.94559
4.50;2.50;12.53346
5.50;2.50;9.88613
6.50;2.50;8.57025
7.50;2.50;9.39882
8.50;2.50;9.70715
9.50;2.50;9.44298
10.50;2.50;9.48659
11.50;2.50;8.88367
12.50;2.50;7.19985
13.50;2.50;6.92735
14.50;2.50;7.67102
15.50;2.50;10.36073
16.50;2.50;10.69159
17.50;2.50;10.77050
18.50;2.50;11.01415
19.50;2.50;10.77832
20.50;2.50;9.40992
21.50;2.50;9.43200
22.50;2.50;11.18892
23.50;2.50;11.95275
24.50;2.50;12.85556
25.50;2.50;14.02031
26.50;2.50;14.79416
27.50;2.50;15.75139
28.50;2.50;16.44952
29.50;2.50;16.93122
30.50;2.50;17.65306
31.50;2.50;17.57109
32.50;2.50;16.72930
33.50;2.50;15.98730
34.50;2.50;15.07293
35.50;2.50;12.85012
36.50;2.50;12.23774
37.50;2.50;12.53914
38.50;2.50;13.35208
39.50;2.50;13.77535
40.50;2.50;13.97654
41.50;2.50;13.86897
42.50;2.50;13.28501
43.50;2.50;12.47075
44.50;2.50;13.00644
45.50;2.50;14.82214
46.50;2.50;16.44010
47.50;2.50;18.86384
48.50;2.50;19.60785
49.50;2.50;20.25302
0.50;3.50;18.88798
1.50;3.50;18.24846
2.50;3.50;17.63764
3.50;3.50;16.98455
4.50;3.50;14.30888
5.50;3.50;12.71287
6.50;3.50;11.69904
7.50;3.50;10.65963
8.50;3.50;9.84710
9.50;3.50;9.21629
10.50;3.50;8.97321
11.50;3.50;7.46725
12.50;3.50;5.33956
13.50;3.50;4.33247
14.50;3.50;3.71307
15.50;3.50;6.46759
16.50;3.50;6.95339
17.50;3.50;6.49907
18.50;3.50;6.01367
19.50;3.50;6.97915
20.50;3.50;7.91489
21.50;3.50;8.65510
22.50;3.50;11.75069
23.50;3.50;12.90436
24.50;3.50;13.59594
25.50;3.50;14.52221
26.50;3.50;14.91057
27.50;3.50;15.06830
28.50;3.50;15.63141
29.50;3.50;16.04297
30.50;3.50;16.33676
31.50;3.50;16.39777
32.50;3.50;15.88079
33.50;3.50;15.01733
34.50;3.50;14.34222
35.50;3.50;12.60688
36.50;3.50;11.90915
37.50;3.50;11.94654
38.50;3.50;12.67956
39.50;3.50;13.18613
40.50;3.50;13.66105
41.50;3.50;14.01545
42.50;3.50;13.95217
43.50;3.50;13.63605
44.50;3.50;13.65605
45.50;3.50;14.90592
46.50;3.50;16.30865
47.50;3.50;18.61569
48.50;3.50;19.21726
49.50;3.50;19.97104
0.50;4.50;19.89040
1.50;4.50;19.62161
2.50;4.50;19.26218
3.50;4.50;18.32601
4.50;4.50;16.54392
5.50;4.50;15.47464
6.50;4.50;14.08329
7.50;4.50;11.89036
8.50;4.50;10.74698
9.50;4.50;10.17587
10.50;4.50;9.10911
11.50;4.50;6.53013
12.50;4.50;4.41832
13.50;4.50;2.95726
14.50;4.50;3.13712
15.50;4.50;4.50047
16.50;4.50;5.39176
17.50;4.50;6.05200
18.50;4.50;5.44269
19.50;4.50;6.56079
20.50;4.50;8.28468
21.50;4.50;9.55101
22.50;4.50;12.27322
23.50;4.50;13.78524
24.50;4.50;14.80815
25.50;4.50;15.55302
26.50;4.50;16.23851
27.50;4.50;16.66730
28.50;4.50;17.31899
29.50;4.50;17.51005
30.50;4.50;17.55580
31.50;4.50;17.09671
32.50;4.50;16.41657
33.50;4.50;15.00342
34.50;4.50;13.92775
35.50;4.50;12.09991
36.50;4.50;11.16742
37.50;4.50;11.17460
38.50;4.50;11.80824
39.50;4.50;12.54481
40.50;4.50;13.54560
41.50;4.50;14.52692
42.50;4.50;14.84078
43.50;4.50;14.84543
44.50;4.50;14.82680
45.50;4.50;15.57146
46.50;4.50;16.40717
47.50;4.50;18.41000
48.50;4.50;18.99780
49.50;4.50;19.83258
0.50;5.50;22.06486
1.50;5.50;22.50231
2.50;5.50;21.66849
3.50;5.50;20.30841
4.50;5.50;19.43889
5.50;5.50;18.60989
6.50;5.50;15.58530
7.50;5.50;13.79018
8.50;5.50;12.40747
9.50;5.50;10.90914
10.50;5.50;9.46486
11.50;5.50;7.48835
12.50;5.50;7.24638
13.50;5.50;6.59106
14.50;5.50;5.49242
15.50;5.50;5.54101
16.50;5.50;5.58851
17.50;5.50;5.63498
18.50;5.50;4.57925
19.50;5.50;6.62095
20.50;5.50;8.66902
21.50;5.50;12.01450
22.50;5.50;14.33270
23.50;5.50;15.41009
24.50;5.50;16.59602
25.50;5.50;17.19995
26.50;5.50;17.62737
27.50;5.50;17.74091
28.50;5.50;18.04713
29.50;5.50;17.92972
30.50;5.50;17.59664
31.50;5.50;16.79153
32.50;5.50;16.05690
33.50;5.50;14.79883
34.50;5.50;13.18090
35.50;5.50;11.76353
36.50;5.50;10.30004
37.50;5.50;9.97252
38.50;5.50;10.22956
39.50;5.50;11.79550
40.50;5.50;13.48995
41.50;5.50;14.81748
42.50;5.50;15.36397
43.50;5.50;15.74677
44.50;5.50;15.89004
45.50;5.50;16.47779
46.50;5.50;16.60076
47.50;5.50;17.99890
48.50;5.50;18.49497
49.50;5.50;18.97322
0.50;6.50;25.41149
1.50;6.50;24.83680
2.50;6.50;24.26310
3.50;6.50;21.67984
4.50;6.50;20.11368
5.50;6.50;19.17905
6.50;6.50;16.22450
7.50;6.50;14.48445
8.50;6.50;13.32634
9.50;6.50;11.97135
10.50;6.50;10.44590
11.50;6.50;8.85762
12.50;6.50;8.40826
13.50;6.50;7.26934
14.50;6.50;6.65047
15.50;6.50;6.67963
16.50;6.50;6.70843
17.50;6.50;6.73690
18.50;6.50;7.29209
19.50;6.50;8.87068
20.50;6.50;10.84035
21.50;6.50;13.51022
22.50;6.50;15.60374
23.50;6.50;16.51083
24.50;6.50;17.34395
25.50;6.50;17.77211
26.50;6.50;18.05250
27.50;6.50;17.82958
28.50;6.50;17.94563
29.50;6.50;17.86108
30.50;6.50;17.63251
31.50;6.50;16.71975
32.50;6.50;15.80682
33.50;6.50;14.59283
34.50;6.50;12.38431
35.50;6.50;10.90154
36.50;6.50;9.12119
37.50;6.50;8.42335
38.50;6.50;9.35409
39.50;6.50;11.66651
40.50;6.50;13.44420
41.50;6.50;14.74280
42.50;6.50;15.68216
43.50;6.50;16.09873
44.50;6.50;16.27122
45.50;6.50;16.86363
46.50;6.50;17.05271
47.50;6.50;17.50498
48.50;6.50;17.91912
49.50;6.50;18.24295
0.50;7.50;26.42075
1.50;7.50;26.00487
2.50;7.50;25.06502
3.50;7.50;23.03177
4.50;7.50;21.27253
5.50;7.50;19.97844
6.50;7.50;17.04783
7.50;7.50;15.12384
8.50;7.50;14.28980
9.50;7.50;13.00110
10.50;7.50;11.67955
11.50;7.50;10.29130
12.50;7.50;9.98200
13.50;7.50;8.43837
14.50;7.50;7.69057
15.50;7.50;7.93278
16.50;7.50;8.30041
17.50;7.50;8.68288
18.50;7.50;9.77779
19.50;7.50;10.75483
20.50;7.50;13.16518
21.50;7.50;15.51153
22.50;7.50;16.83956
23.50;7.50;17.31401
24.50;7.50;18.19901
25.50;7.50;18.08483
26.50;7.50;17.89797
27.50;7.50;17.49484
28.50;7.50;17.98822
29.50;7.50;17.82434
30.50;7.50;17.64792
31.50;7.50;16.77715
32.50;7.50;15.93170
33.50;7.50;14.37075
34.50;7.50;11.98371
35.50;7.50;10.30876
36.50;7.50;8.45331
37.50;7.50;8.08892
38.50;7.50;8.89662
39.50;7.50;10.93938
40.50;7.50;13.15993
41.50;7.50;14.48917
42.50;7.50;15.47925
43.50;7.50;16.18252
44.50;7.50;16.74364
45.50;7.50;17.33396
46.50;7.50;17.70981
47.50;7.50;18.15532
48.50;7.50;18.39312
49.50;7.50;18.52925
0.50;8.50;26.75745
1.50;8.50;26.49953
2.50;8.50;25.45899
3.50;8.50;23.12126
4.50;8.50;21.83092
5.50;8.50;20.45413
6.50;8.50;18.20449
7.50;8.50;16.23384
8.50;8.50;15.16545
9.50;8.50;13.52540
10.50;8.50;11.96516
11.50;8.50;10.84804
12.50;8.50;10.57050
13.50;8.50;9.60381
14.50;8.50;9.36533
15.50;8.50;9.47574
16.50;8.50;9.78777
17.50;8.50;10.47949
18.50;8.50;11.19607
19.50;8.50;12.14819
20.50;8.50;14.46081
21.50;8.50;16.28057
22.50;8.50;17.25932
23.50;8.50;17.80864
24.50;8.50;18.44953
25.50;8.50;18.06865
26.50;8.50;17.68397
27.50;8.50;17.17529
28.50;8.50;17.60175
29.50;8.50;17.27918
30.50;8.50;17.19501
31.50;8.50;16.51555
32.50;8.50;15.81144
33.50;8.50;14.28502
34.50;8.50;12.42478
35.50;8.50;11.70552
36.50;8.50;10.13057
37.50;8.50;9.79772
38.50;8.50;10.49618
39.50;8.50;11.78912
40.50;8.50;13.23831
41.50;8.50;14.56461
42.50;8.50;15.59452
43.50;8.50;16.32270
44.50;8.50;19.52607
45.50;8.50;20.08328
46.50;8.50;20.22168
47.50;8.50;20.63068
48.50;8.50;21.34415
49.50;8.50;19.71194
0.50;9.50;30.92337
1.50;9.50;29.46465
2.50;9.50;28.04274
3.50;9.50;25.27500
4.50;9.50;23.01421
5.50;9.50;21.01800
6.50;9.50;18.94875
7.50;9.50;17.15560
8.50;9.50;15.69138
9.50;9.50;13.74068
10.50;9.50;12.41902
11.50;9.50;11.77634
12.50;9.50;11.35769
13.50;9.50;10.50450
14.50;9.50;10.57868
15.50;9.50;10.73122
16.50;9.50;11.05844
17.50;9.50;11.65999
18.50;9.50;12.61810
19.50;9.50;13.68101
20.50;9.50;15.39165
21.50;9.50;17.25436
22.50;9.50;18.13900
23.50;9.50;18.36509
24.50;9.50;18.59831
25.50;9.50;17.97222
26.50;9.50;16.64827
27.50;9.50;15.64064
28.50;9.50;15.58069
29.50;9.50;15.24399
30.50;9.50;15.34091
31.50;9.50;15.15621
32.50;9.50;14.85940
33.50;9.50;14.13637
34.50;9.50;13.08088
35.50;9.50;12.30850
36.50;9.50;10.94691
37.50;9.50;10.95443
38.50;9.50;11.82729
39.50;9.50;12.86643
40.50;9.50;13.97167
41.50;9.50;14.61163
42.50;9.50;15.44237
43.50;9.50;16.39307
44.50;9.50;20.04557
45.50;9.50;21.03698
46.50;9.50;21.78371
47.50;9.50;22.59174
48.50;9.50;23.29001
49.50;9.50;21.53514
0.50;10.50;30.01771
1.50;10.50;29.06064
2.50;10.50;27.41424
3.50;10.50;24.91032
4.50;10.50;22.42975
5.50;10.50;20.57100
6.50;10.50;19.23006
7.50;10.50;17.17036
8.50;10.50;15.20242
9.50;10.50;13.44929
10.50;10.50;12.35525
11.50;10.50;11.61407
12.50;10.50;11.06578
13.50;10.50;10.58685
14.50;10.50;10.85572
15.50;10.50;11.36460
16.50;10.50;12.94212
17.50;10.50;14.11226
18.50;10.50;14.68667
19.50;10.50;15.66370
20.50;10.50;16.77236
21.50;10.50;17.68914
22.50;10.50;18.03639
23.50;10.50;18.00424
24.50;10.50;17.48978
25.50;10.50;16.50611
26.50;10.50;14.77083
27.50;10.50;13.36236
28.50;10.50;13.53045
29.50;10.50;13.40336
30.50;10.50;13.96192
31.50;10.50;14.58343
32.50;10.50;14.30411
33.50;10.50;13.46964
34.50;10.50;13.17566
35.50;10.50;12.59563
36.50;10.50;11.13137
37.50;10.50;11.52775
38.50;10.50;12.11202
39.50;10.50;12.66842
40.50;10.50;13.25909
41.50;10.50;14.05425
42.50;10.50;14.88267
43.50;10.50;16.62925
44.50;10.50;20.24517
45.50;10.50;21.41721
46.50;10.50;22.31712
47.50;10.50;23.19498
48.50;10.50;23.61886
49.50;10.50;22.23526
0.50;11.50;28.47332
1.50;11.50;26.85189
2.50;11.50;26.13403
3.50;11.50;24.94800
4.50;11.50;22.40120
5.50;11.50;20.69124
6.50;11.50;19.51931
7.50;11.50;17.56599
8.50;11.50;14.93845
9.50;11.50;13.01178
10.50;11.50;12.05736
11.50;11.50;11.37150
12.50;11.50;11.13860
13.50;11.50;11.20321
14.50;11.50;12.44781
15.50;11.50;13.60096
16.50;11.50;14.81282
17.50;11.50;15.35475
18.50;11.50;15.69600
19.50;11.50;16.17786
20.50;11.50;16.88291
21.50;11.50;17.40908
22.50;11.50;17.35394
23.50;11.50;17.13594
24.50;11.50;16.63876
25.50;11.50;15.52536
26.50;11.50;12.95287
27.50;11.50;11.53444
28.50;11.50;12.20803
29.50;11.50;11.87780
30.50;11.50;12.23181
31.50;11.50;13.54055
32.50;11.50;13.76545
33.50;11.50;13.09146
34.50;11.50;13.09675
35.50;11.50;12.79551
36.50;11.50;11.62065
37.50;11.50;11.73138
38.50;11.50;12.00836
39.50;11.50;12.30263
40.50;11.50;12.84468
41.50;11.50;13.56576
42.50;11.50;14.44662
43.50;11.50;16.56758
44.50;11.50;20.40501
45.50;11.50;21.44899
46.50;11.50;22.44412
47.50;11.50;23.17637
48.50;11.50;23.57545
49.50;11.50;21.86678
0.50;12.50;27.70014
1.50;12.50;26.27216
2.50;12.50;25.60824
3.50;12.50;24.69653
4.50;12.50;21.25232
5.50;12.50;20.09846
6.50;12.50;19.20450
7.50;12.50;17.19008
8.50;12.50;14.45608
9.50;12.50;12.20207
10.50;12.50;11.21033
11.50;12.50;10.64356
12.50;12.50;11.44001
13.50;12.50;12.11806
14.50;12.50;14.25636
15.50;12.50;15.61758
16.50;12.50;16.67683
17.50;12.50;16.90222
18.50;12.50;16.95544
19.50;12.50;16.94575
20.50;12.50;16.57232
21.50;12.50;16.24785
22.50;12.50;16.07549
23.50;12.50;15.94096
24.50;12.50;15.03124
25.50;12.50;14.03001
26.50;12.50;11.78274
27.50;12.50;10.31747
28.50;12.50;9.61428
29.50;12.50;9.80765
30.50;12.50;10.32616
31.50;12.50;12.12410
32.50;12.50;13.32119
33.50;12.50;13.41359
34.50;12.50;13.33150
35.50;12.50;13.29019
36.50;12.50;12.21398
37.50;12.50;11.22456
38.50;12.50;11.44681
39.50;12.50;11.88408
40.50;12.50;12.21993
41.50;12.50;13.24871
42.50;12.50;14.40872
43.50;12.50;16.68636
44.50;12.50;20.46237
45.50;12.50;21.47033
46.50;12.50;22.51703
47.50;12.50;23.21373
48.50;12.50;23.55401
49.50;12.50;21.85478
0.50;13.50;27.28693
1.50;13.50;25.82543
2.50;13.50;25.14661
3.50;13.50;24.40894
4.50;13.50;20.66517
5.50;13.50;19.59413
6.50;13.50;18.45519
7.50;13.50;16.15457
8.50;13.50;12.99041
9.50;13.50;11.37839
10.50;13.50;10.96194
11.50;13.50;10.65160
12.50;13.50;12.74051
13.50;13.50;13.99115
14.50;13.50;16.27590
15.50;13.50;17.61712
16.50;13.50;18.47222
17.50;13.50;18.25397
18.50;13.50;18.05788
19.50;13.50;17.10160
20.50;13.50;16.08943
21.50;13.50;15.42854
22.50;13.50;15.11459
23.50;13.50;14.75682
24.50;13.50;13.64105
25.50;13.50;12.76256
26.50;13.50;10.22066
27.50;13.50;8.90951
28.50;13.50;8.46818
29.50;13.50;9.20455
30.50;13.50;9.81755
31.50;13.50;11.23165
32.50;13.50;12.63491
33.50;13.50;12.87186
34.50;13.50;12.64051
35.50;13.50;12.22587
36.50;13.50;11.23874
37.50;13.50;9.99145
38.50;13.50;10.23844
39.50;13.50;10.96943
40.50;13.50;11.54112
41.50;13.50;12.31436
42.50;13.50;13.26428
43.50;13.50;16.20117
44.50;13.50;18.64475
45.50;13.50;19.50582
46.50;13.50;20.44590
47.50;13.50;21.15290
48.50;13.50;21.38572
49.50;13.50;21.04651
0.50;14.50;22.34490
1.50;14.50;21.64591
2.50;14.50;21.40668
3.50;14.50;20.79720
4.50;14.50;18.89403
5.50;14.50;18.17714
6.50;14.50;16.91671
7.50;14.50;14.55990
8.50;14.50;10.73911
9.50;14.50;10.33483
10.50;14.50;10.00088
11.50;14.50;9.82743
12.50;14.50;12.69623
13.50;14.50;14.68198
14.50;14.50;17.16052
15.50;14.50;18.71500
16.50;14.50;19.21088
17.50;14.50;18.99164
18.50;14.50;18.56945
19.50;14.50;17.12121
20.50;14.50;15.22090
21.50;14.50;13.23310
22.50;14.50;12.43055
23.50;14.50;11.74426
24.50;14.50;9.83727
25.50;14.50;9.13322
26.50;14.50;8.48297
27.50;14.50;7.31464
28.50;14.50;7.95056
29.50;14.50;8.31606
30.50;14.50;8.92235
31.50;14.50;10.01029
32.50;14.50;11.62723
33.50;14.50;11.89663
34.50;14.50;11.46039
35.50;14.50;10.97691
36.50;14.50;10.13968
37.50;14.50;7.70999
38.50;14.50;7.33700
39.50;14.50;8.49769
40.50;14.50;9.37653
41.50;14.50;10.66764
42.50;14.50;11.95896
43.50;14.50;15.44698
44.50;14.50;16.99427
45.50;14.50;17.70464
46.50;14.50;18.77413
47.50;14.50;19.83977
48.50;14.50;19.81823
49.50;14.50;19.85418
0.50;15.50;20.87855
1.50;15.50;20.12131
2.50;15.50;19.94891
3.50;15.50;19.58728
4.50;15.50;17.24445
5.50;15.50;16.43069
6.50;15.50;15.62680
7.50;15.50;13.82471
8.50;15.50;11.14582
9.50;15.50;10.59499
10.50;15.50;10.34348
11.50;15.50;10.51281
12.50;15.50;13.19659
13.50;15.50;15.02197
14.50;15.50;17.67881
15.50;15.50;19.07212
16.50;15.50;19.46556
17.50;15.50;19.17271
18.50;15.50;18.67393
19.50;15.50;16.53919
20.50;15.50;13.45947
21.50;15.50;10.24729
22.50;15.50;8.93514
23.50;15.50;7.72926
24.50;15.50;7.35916
25.50;15.50;6.08968
26.50;15.50;5.68046
27.50;15.50;3.83193
28.50;15.50;5.72500
29.50;15.50;7.50928
30.50;15.50;8.10575
31.50;15.50;8.94788
32.50;15.50;10.98438
33.50;15.50;11.24581
34.50;15.50;10.86339
35.50;15.50;10.35211
36.50;15.50;9.62472
37.50;15.50;6.12674
38.50;15.50;3.29986
39.50;15.50;6.76504
40.50;15.50;8.33163
41.50;15.50;10.01968
42.50;15.50;11.54779
43.50;15.50;14.13155
44.50;15.50;15.60835
45.50;15.50;16.19185
46.50;15.50;17.49991
47.50;15.50;19.11592
48.50;15.50;19.43224
49.50;15.50;19.74006
0.50;16.50;18.60410
1.50;16.50;18.01495
2.50;16.50;17.93502
3.50;16.50;17.42920
4.50;16.50;15.54380
5.50;16.50;15.01270
6.50;16.50;14.38975
7.50;16.50;12.13013
8.50;16.50;11.15303
9.50;16.50;10.26495
10.50;16.50;10.02904
11.50;16.50;10.03838
12.50;16.50;13.20704
13.50;16.50;15.30862
14.50;16.50;17.96690
15.50;16.50;19.39252
16.50;16.50;19.81108
17.50;16.50;19.51256
18.50;16.50;18.87590
19.50;16.50;16.82994
20.50;16.50;13.31603
21.50;16.50;9.85689
22.50;16.50;7.00466
23.50;16.50;4.65496
24.50;16.50;3.94349
25.50;16.50;4.72784
26.50;16.50;4.04863
27.50;16.50;3.44863
28.50;16.50;5.76864
29.50;16.50;7.38114
30.50;16.50;8.34711
31.50;16.50;8.96057
32.50;16.50;10.60313
33.50;16.50;10.67564
34.50;16.50;10.15782
35.50;16.50;9.22799
36.50;16.50;8.69667
37.50;16.50;4.79811
38.50;16.50;1.93936
39.50;16.50;5.81142
40.50;16.50;7.76740
41.50;16.50;9.64551
42.50;16.50;12.02064
43.50;16.50;13.80499
44.50;16.50;14.97095
45.50;16.50;15.62219
46.50;16.50;16.97484
47.50;16.50;18.78007
48.50;16.50;19.15371
49.50;16.50;19.70493
0.50;17.50;17.74610
1.50;17.50;17.28912
2.50;17.50;17.13103
3.50;17.50;16.90705
4.50;17.50;16.12664
5.50;17.50;15.00806
6.50;17.50;14.16525
7.50;17.50;12.43630
8.50;17.50;11.47393
9.50;17.50;10.04770
10.50;17.50;9.23965
11.50;17.50;9.38769
12.50;17.50;12.52210
13.50;17.50;14.95703
14.50;17.50;17.52020
15.50;17.50;18.96709
16.50;17.50;19.36620
17.50;17.50;19.30745
18.50;17.50;18.73268
19.50;17.50;16.68159
20.50;17.50;13.65106
21.50;17.50;11.38528
22.50;17.50;6.79285
23.50;17.50;4.86597
24.50;17.50;4.93159
25.50;17.50;5.85339
26.50;17.50;4.99513
27.50;17.50;5.05672
28.50;17.50;6.16320
29.50;17.50;7.53004
30.50;17.50;8.51234
31.50;17.50;10.68362
32.50;17.50;11.25288
33.50;17.50;11.25994
34.50;17.50;11.00672
35.50;17.50;10.05699
36.50;17.50;7.40294
37.50;17.50;4.14811
38.50;17.50;2.25988
39.50;17.50;5.11650
40.50;17.50;7.55064
41.50;17.50;9.25127
42.50;17.50;12.02678
43.50;17.50;12.95824
44.50;17.50;14.55048
45.50;17.50;15.48847
46.50;17.50;16.70543
47.50;17.50;18.56370
48.50;17.50;19.12220
49.50;17.50;19.69794
0.50;18.50;16.89256
1.50;18.50;17.01859
2.50;18.50;16.85400
3.50;18.50;16.82033
4.50;18.50;16.33207
5.50;18.50;15.30400
6.50;18.50;14.04456
7.50;18.50;12.57309
8.50;18.50;11.26698
9.50;18.50;9.26284
10.50;18.50;8.52692
11.50;18.50;8.12249
12.50;18.50;10.53763
13.50;18.50;13.71585
14.50;18.50;16.00121
15.50;18.50;17.96158
16.50;18.50;18.50068
17.50;18.50;18.72089
18.50;18.50;18.00959
19.50;18.50;16.61975
20.50;18.50;13.84440
21.50;18.50;11.81460
22.50;18.50;8.54143
23.50;18.50;8.71040
24.50;18.50;8.13912
25.50;18.50;8.55588
26.50;18.50;8.15566
27.50;18.50;7.78627
28.50;18.50;7.96823
29.50;18.50;10.36932
30.50;18.50;10.87869
31.50;18.50;12.90977
32.50;18.50;13.34694
33.50;18.50;13.21226
34.50;18.50;12.24367
35.50;18.50;11.48069
36.50;18.50;8.17210
37.50;18.50;5.17457
38.50;18.50;4.24255
39.50;18.50;7.02990
40.50;18.50;8.98580
41.50;18.50;10.76267
42.50;18.50;13.02245
43.50;18.50;13.84932
44.50;18.50;14.92451
45.50;18.50;15.72831
46.50;18.50;16.75800
47.50;18.50;18.46086
48.50;18.50;19.02865
49.50;18.50;19.56680
0.50;19.50;16.44481
1.50;19.50;17.08692
2.50;19.50;16.85881
3.50;19.50;16.96029
4.50;19.50;16.81553
5.50;19.50;15.87154
6.50;19.50;14.19887
7.50;19.50;12.96361
8.50;19.50;11.27402
9.50;19.50;8.72407
10.50;19.50;7.80502
11.50;19.50;6.19908
12.50;19.50;8.99834
13.50;19.50;12.14218
14.50;19.50;14.50806
15.50;19.50;16.53446
16.50;19.50;17.22465
17.50;19.50;17.73572
18.50;19.50;17.10650
19.50;19.50;16.26187
20.50;19.50;14.17486
21.50;19.50;12.57873
22.50;19.50;9.86667
23.50;19.50;10.37790
24.50;19.50;10.38646
25.50;19.50;10.27375
26.50;19.50;9.87641
27.50;19.50;10.16685
28.50;19.50;10.39500
29.50;19.50;11.91540
30.50;19.50;13.02778
31.50;19.50;14.63979
32.50;19.50;14.75215
33.50;19.50;14.66793
34.50;19.50;13.95705
35.50;19.50;12.58437
36.50;19.50;9.49741
37.50;19.50;7.57108
38.50;19.50;6.23441
39.50;19.50;7.59137
40.50;19.50;9.50820
41.50;19.50;11.28104
42.50;19.50;13.40848
43.50;19.50;14.14600
44.50;19.50;15.08682
45.50;19.50;15.95949
46.50;19.50;16.72453
47.50;19.50;17.53036
48.50;19.50;18.14988
49.50;19.50;18.51209
0.50;20.50;16.42128
1.50;20.50;17.14576
2.50;20.50;16.92155
3.50;20.50;17.03320
4.50;20.50;16.87809
5.50;20.50;15.99194
6.50;20.50;14.17967
7.50;20.50;12.70733
8.50;20.50;10.69955
9.50;20.50;7.82363
10.50;20.50;5.23105
11.50;20.50;0.98229
12.50;20.50;6.82035
13.50;20.50;10.88632
14.50;20.50;12.96898
15.50;20.50;15.50692
16.50;20.50;16.18718
17.50;20.50;16.71498
18.50;20.50;16.25720
19.50;20.50;15.64986
20.50;20.50;13.77040
21.50;20.50;12.65169
22.50;20.50;10.70749
23.50;20.50;11.39901
24.50;20.50;11.55446
25.50;20.50;11.83363
26.50;20.50;11.63380
27.50;20.50;12.03291
28.50;20.50;12.03903
29.50;20.50;13.41870
30.50;20.50;14.22285
31.50;20.50;15.27169
32.50;20.50;15.28093
33.50;20.50;15.05441
34.50;20.50;14.18447
35.50;20.50;12.65727
36.50;20.50;9.65585
37.50;20.50;7.84213
38.50;20.50;7.05489
39.50;20.50;8.36252
40.50;20.50;10.71541
41.50;20.50;12.24959
42.50;20.50;14.27547
43.50;20.50;14.83612
44.50;20.50;15.81606
45.50;20.50;16.36021
46.50;20.50;16.61025
47.50;20.50;16.55338
48.50;20.50;16.92638
49.50;20.50;16.81073
0.50;21.50;16.46836
1.50;21.50;17.26428
2.50;21.50;17.00885
3.50;21.50;17.16544
4.50;21.50;16.83475
5.50;21.50;15.91781
6.50;21.50;13.85424
7.50;21.50;12.25550
8.50;21.50;9.89583
9.50;21.50;7.07964
10.50;21.50;2.52668
11.50;21.50;0.07663
12.50;21.50;1.53535
13.50;21.50;9.15717
14.50;21.50;11.08044
15.50;21.50;13.78029
16.50;21.50;14.58813
17.50;21.50;15.38242
18.50;21.50;15.08219
19.50;21.50;14.94310
20.50;21.50;14.06878
21.50;21.50;13.42380
22.50;21.50;12.26141
23.50;21.50;13.03310
24.50;21.50;12.91517
25.50;21.50;12.86100
26.50;21.50;13.55064
27.50;21.50;14.22764
28.50;21.50;14.18927
29.50;21.50;14.98023
30.50;21.50;15.35014
31.50;21.50;15.83917
32.50;21.50;15.52997
33.50;21.50;15.20704
34.50;21.50;14.23243
35.50;21.50;12.78454
36.50;21.50;9.66617
37.50;21.50;7.61151
38.50;21.50;7.10414
39.50;21.50;8.75124
40.50;21.50;11.08774
41.50;21.50;12.79003
42.50;21.50;14.19407
43.50;21.50;14.69135
44.50;21.50;15.43776
45.50;21.50;16.02441
46.50;21.50;15.97803
47.50;21.50;16.06619
48.50;21.50;16.38837
49.50;21.50;16.26655
0.50;22.50;13.42891
1.50;22.50;15.39626
2.50;22.50;15.33630
3.50;22.50;15.68677
4.50;22.50;15.55763
5.50;22.50;15.18394
6.50;22.50;12.97434
7.50;22.50;11.40587
8.50;22.50;8.58456
9.50;22.50;6.84754
10.50;22.50;5.89456
11.50;22.50;5.28601
12.50;22.50;7.12841
13.50;22.50;9.27439
14.50;22.50;10.40353
15.50;22.50;12.55047
16.50;22.50;13.26947
17.50;22.50;14.07362
18.50;22.50;13.85915
19.50;22.50;14.23722
20.50;22.50;13.72082
21.50;22.50;13.55569
22.50;22.50;13.35722
23.50;22.50;14.59753
24.50;22.50;14.34698
25.50;22.50;14.39924
26.50;22.50;14.76616
27.50;22.50;15.19318
28.50;22.50;14.69603
29.50;22.50;15.35936
30.50;22.50;15.53458
31.50;22.50;15.57607
32.50;22.50;14.99879
33.50;22.50;14.60223
34.50;22.50;13.21747
35.50;22.50;11.56111
36.50;22.50;8.76474
37.50;22.50;7.15244
38.50;22.50;6.26920
39.50;22.50;8.59880
40.50;22.50;10.89394
41.50;22.50;12.71840
42.50;22.50;14.12191
43.50;22.50;14.60693
44.50;22.50;14.98487
45.50;22.50;15.33168
46.50;22.50;15.31784
47.50;22.50;15.66832
48.50;22.50;16.04762
49.50;22.50;16.21050
0.50;23.50;12.04514
1.50;23.50;13.96680
2.50;23.50;13.86406
3.50;23.50;14.35173
4.50;23.50;14.24200
5.50;23.50;13.72579
6.50;23.50;11.56776
7.50;23.50;10.41204
8.50;23.50;7.98579
9.50;23.50;8.20472
10.50;23.50;9.01084
11.50;23.50;9.51895
12.50;23.50;10.06627
13.50;23.50;10.78612
14.50;23.50;11.28806
15.50;23.50;11.92164
16.50;23.50;12.16021
17.50;23.50;13.17042
18.50;23.50;13.27465
19.50;23.50;13.56073
20.50;23.50;14.02516
21.50;23.50;14.35649
22.50;23.50;14.24679
23.50;23.50;14.99415
24.50;23.50;15.29016
25.50;23.50;15.31323
26.50;23.50;15.63603
27.50;23.50;15.98267
28.50;23.50;15.47003
29.50;23.50;15.28554
30.50;23.50;15.21628
31.50;23.50;14.87336
32.50;23.50;14.07845
33.50;23.50;13.60598
34.50;23.50;12.66285
35.50;23.50;11.02156
36.50;23.50;8.77818
37.50;23.50;7.86050
38.50;23.50;6.87443
39.50;23.50;8.22089
40.50;23.50;10.79390
41.50;23.50;12.32607
42.50;23.50;13.46456
43.50;23.50;13.98141
44.50;23.50;14.25157
45.50;23.50;14.29934
46.50;23.50;14.36124
47.50;23.50;14.91987
48.50;23.50;15.29939
49.50;23.50;15.67293
0.50;24.50;10.07552
1.50;24.50;11.29507
2.50;24.50;11.30206
3.50;24.50;11.83996
4.50;24.50;11.48744
5.50;24.50;11.30905
6.50;24.50;10.18487
7.50;24.50;10.42053
8.50;24.50;10.42900
9.50;24.50;11.31603
10.50;24.50;11.97753
11.50;24.50;12.33192
12.50;24.50;12.06954
13.50;24.50;12.07563
14.50;24.50;12.16620
15.50;24.50;12.26732
16.50;24.50;12.33776
17.50;24.50;12.92596
18.50;24.50;13.10203
19.50;24.50;13.61100
20.50;24.50;14.31364
21.50;24.50;14.70071
22.50;24.50;15.58991
23.50;24.50;16.32739
24.50;24.50;16.48251
25.50;24.50;16.52500
26.50;24.50;16.71020
27.50;24.50;16.16854
28.50;24.50;15.48386
29.50;24.50;15.02660
30.50;24.50;14.40398
31.50;24.50;13.73075
32.50;24.50;12.72394
33.50;24.50;12.39011
34.50;24.50;11.64036
35.50;24.50;11.09504
36.50;24.50;9.52967
37.50;24.50;9.28589
38.50;24.50;9.02328
39.50;24.50;9.67646
40.50;24.50;11.84629
41.50;24.50;12.97970
42.50;24.50;14.08812
43.50;24.50;14.28025
44.50;24.50;14.41820
45.50;24.50;14.12673
46.50;24.50;14.15563
47.50;24.50;14.56931
48.50;24.50;14.87802
49.50;24.50;15.27631
0.50;25.50;9.03568
1.50;25.50;9.54036
2.50;25.50;9.29735
3.50;25.50;9.30877
4.50;25.50;9.32016
5.50;25.50;9.42097
6.50;25.50;9.68672
7.50;25.50;11.57440
8.50;25.50;13.47472
9.50;25.50;14.77550
10.50;25.50;15.13771
11.50;25.50;15.17008
12.50;25.50;14.78016
13.50;25.50;13.98628
14.50;25.50;12.80099
15.50;25.50;12.39590
16.50;25.50;12.40169
17.50;25.50;12.93135
18.50;25.50;13.10731
19.50;25.50;14.03487
20.50;25.50;14.85009
21.50;25.50;15.32246
22.50;25.50;16.31333
23.50;25.50;16.96999
24.50;25.50;17.06247
25.50;25.50;17.22960
26.50;25.50;17.30903
27.50;25.50;16.66254
28.50;25.50;15.95486
29.50;25.50;15.03587
30.50;25.50;13.79512
31.50;25.50;13.22789
32.50;25.50;12.80646
33.50;25.50;12.98505
34.50;25.50;13.66604
35.50;25.50;13.47980
36.50;25.50;13.43401
37.50;25.50;13.27984
38.50;25.50;13.48488
39.50;25.50;13.03842
40.50;25.50;14.36600
41.50;25.50;14.31841
42.50;25.50;14.67261
43.50;25.50;14.64448
44.50;25.50;14.61632
45.50;25.50;13.91308
46.50;25.50;14.09295
47.50;25.50;14.53164
48.50;25.50;14.64917
49.50;25.50;15.09145
0.50;26.50;6.30347
1.50;26.50;6.33724
2.50;26.50;6.37051
3.50;26.50;7.42455
4.50;26.50;8.23696
5.50;26.50;9.56163
6.50;26.50;12.45355
7.50;26.50;15.09608
8.50;26.50;16.29461
9.50;26.50;17.07713
10.50;26.50;17.64278
11.50;26.50;17.20982
12.50;26.50;16.13594
13.50;26.50;14.94774
14.50;26.50;13.61601
15.50;26.50;11.92788
16.50;26.50;11.64691
17.50;26.50;12.08171
18.50;26.50;12.45929
19.50;26.50;13.62103
20.50;26.50;14.95238
21.50;26.50;15.76062
22.50;26.50;16.78674
23.50;26.50;17.37396
24.50;26.50;17.59152
25.50;26.50;17.79818
26.50;26.50;17.26925
27.50;26.50;16.45894
28.50;26.50;15.64525
29.50;26.50;14.67730
30.50;26.50;12.59000
31.50;26.50;13.04374
32.50;26.50;13.67103
33.50;26.50;14.88732
34.50;26.50;15.73292
35.50;26.50;15.79296
36.50;26.50;16.08013
37.50;26.50;16.14060
38.50;26.50;15.83455
39.50;26.50;16.03369
40.50;26.50;16.76757
41.50;26.50;16.64351
42.50;26.50;16.49194
43.50;26.50;16.21517
44.50;26.50;15.41470
45.50;26.50;14.16044
46.50;26.50;13.87388
47.50;26.50;13.91798
48.50;26.50;13.73572
49.50;26.50;14.20367
0.50;27.50;6.40332
1.50;27.50;5.93498
2.50;27.50;6.90103
3.50;27.50;7.87874
4.50;27.50;9.16908
5.50;27.50;10.80168
6.50;27.50;14.42768
7.50;27.50;17.43424
8.50;27.50;18.82780
9.50;27.50;19.53961
10.50;27.50;20.12895
11.50;27.50;19.87588
12.50;27.50;18.70912
13.50;27.50;17.12612
14.50;27.50;15.70061
15.50;27.50;12.46502
16.50;27.50;11.85260
17.50;27.50;11.85891
18.50;27.50;12.08778
19.50;27.50;13.11259
20.50;27.50;14.92916
21.50;27.50;15.89467
22.50;27.50;17.02346
23.50;27.50;18.30377
24.50;27.50;18.62730
25.50;27.50;18.73859
26.50;27.50;18.25949
27.50;27.50;17.38900
28.50;27.50;16.01977
29.50;27.50;14.89197
30.50;27.50;12.93673
31.50;27.50;13.87879
32.50;27.50;15.10070
33.50;27.50;18.10646
34.50;27.50;20.48719
35.50;27.50;20.69996
36.50;27.50;20.89686
37.50;27.50;20.75271
38.50;27.50;19.86140
39.50;27.50;17.40406
40.50;27.50;17.79296
41.50;27.50;17.57620
42.50;27.50;17.29409
43.50;27.50;16.99913
44.50;27.50;16.16388
45.50;27.50;14.78483
46.50;27.50;13.57080
47.50;27.50;12.72947
48.50;27.50;11.65345
49.50;27.50;11.58103
0.50;28.50;7.44599
1.50;28.50;7.63149
2.50;28.50;8.80488
3.50;28.50;10.43746
4.50;28.50;11.41272
5.50;28.50;12.81193
6.50;28.50;15.36859
7.50;28.50;18.23194
8.50;28.50;19.53284
9.50;28.50;20.18281
10.50;28.50;20.98032
11.50;28.50;20.74387
12.50;28.50;19.74712
13.50;28.50;18.43821
14.50;28.50;16.86845
15.50;28.50;14.26114
16.50;28.50;12.41325
17.50;28.50;11.58766
18.50;28.50;11.93411
19.50;28.50;13.11786
20.50;28.50;14.96167
21.50;28.50;15.96876
22.50;28.50;17.27421
23.50;28.50;18.74450
24.50;28.50;18.83380
25.50;28.50;18.85782
26.50;28.50;18.50638
27.50;28.50;17.58130
28.50;28.50;15.92707
29.50;28.50;15.37320
30.50;28.50;14.32317
31.50;28.50;15.04051
32.50;28.50;16.57706
33.50;28.50;19.68397
34.50;28.50;22.19512
35.50;28.50;22.77911
36.50;28.50;23.06722
37.50;28.50;22.86088
38.50;28.50;21.21223
39.50;28.50;18.93046
40.50;28.50;18.86987
41.50;28.50;18.67978
42.50;28.50;18.48359
43.50;28.50;18.02566
44.50;28.50;17.35895
45.50;28.50;16.11733
46.50;28.50;14.83146
47.50;28.50;14.20847
48.50;28.50;13.80992
49.50;28.50;13.36749
0.50;29.50;8.25296
1.50;29.50;9.04803
2.50;29.50;10.91672
3.50;29.50;12.47647
4.50;29.50;13.29536
5.50;29.50;14.49389
6.50;29.50;17.23455
7.50;29.50;19.24931
8.50;29.50;20.16736
9.50;29.50;20.98971
10.50;29.50;21.95197
11.50;29.50;21.30305
12.50;29.50;20.33236
13.50;29.50;19.32045
14.50;29.50;18.11187
15.50;29.50;15.49308
16.50;29.50;14.03971
17.50;29.50;11.94033
18.50;29.50;12.81740
19.50;29.50;13.88369
20.50;29.50;15.14234
21.50;29.50;16.12198
22.50;29.50;16.94090
23.50;29.50;18.51781
24.50;29.50;18.94264
25.50;29.50;19.03484
26.50;29.50;18.76226
27.50;29.50;18.35390
28.50;29.50;16.63400
29.50;29.50;15.79758
30.50;29.50;15.05904
31.50;29.50;15.89930
32.50;29.50;17.48472
33.50;29.50;20.09086
34.50;29.50;23.10313
35.50;29.50;24.62949
36.50;29.50;25.02533
37.50;29.50;24.80092
38.50;29.50;24.17965
39.50;29.50;22.30333
40.50;29.50;20.00816
41.50;29.50;19.30096
42.50;29.50;19.19813
43.50;29.50;18.78602
44.50;29.50;18.37068
45.50;29.50;17.18022
46.50;29.50;16.36959
47.50;29.50;15.76524
48.50;29.50;15.80220
49.50;29.50;15.49769
0.50;30.50;8.61297
1.50;30.50;9.92477
2.50;30.50;11.59427
3.50;30.50;13.33665
4.50;30.50;14.62102
5.50;30.50;15.90392
6.50;30.50;18.28713
7.50;30.50;19.93422
8.50;30.50;20.72625
9.50;30.50;21.57903
10.50;30.50;22.84434
11.50;30.50;22.22182
12.50;30.50;21.16273
13.50;30.50;20.26089
14.50;30.50;19.28800
15.50;30.50;16.62450
16.50;30.50;15.22552
17.50;30.50;13.49502
18.50;30.50;13.92287
19.50;30.50;14.53635
20.50;30.50;15.53919
21.50;30.50;16.48723
22.50;30.50;17.39402
23.50;30.50;19.18540
24.50;30.50;19.76126
25.50;30.50;19.73302
26.50;30.50;19.37277
27.50;30.50;18.90615
28.50;30.50;16.78194
29.50;30.50;15.74216
30.50;30.50;15.41931
31.50;30.50;16.34614
32.50;30.50;18.12814
33.50;30.50;20.52051
34.50;30.50;23.75362
35.50;30.50;25.36502
36.50;30.50;25.76895
37.50;30.50;25.55731
38.50;30.50;24.59668
39.50;30.50;22.76304
40.50;30.50;20.20610
41.50;30.50;19.67005
42.50;30.50;19.65616
43.50;30.50;19.33349
44.50;30.50;19.02247
45.50;30.50;19.06589
46.50;30.50;19.23647
47.50;30.50;19.08460
48.50;30.50;19.47225
49.50;30.50;19.71896
0.50;31.50;9.93437
1.50;31.50;10.80944
2.50;31.50;12.17220
3.50;31.50;14.21326
4.50;31.50;15.17470
5.50;31.50;16.37429
6.50;31.50;18.37629
7.50;31.50;19.92688
8.50;31.50;20.85124
9.50;31.50;21.72561
10.50;31.50;22.97941
11.50;31.50;22.71532
12.50;31.50;22.99675
13.50;31.50;22.05212
14.50;31.50;21.05606
15.50;31.50;19.55319
16.50;31.50;18.75041
17.50;31.50;15.10533
18.50;31.50;14.96631
19.50;31.50;15.37781
20.50;31.50;16.75321
21.50;31.50;18.07944
22.50;31.50;18.97936
23.50;31.50;20.14428
24.50;31.50;20.62210
25.50;31.50;20.32436
26.50;31.50;19.96365
27.50;31.50;19.26862
28.50;31.50;17.23950
29.50;31.50;15.93633
30.50;31.50;15.70523
31.50;31.50;16.54865
32.50;31.50;18.38751
33.50;31.50;20.73505
34.50;31.50;23.89586
35.50;31.50;25.66044
36.50;31.50;26.58168
37.50;31.50;26.06841
38.50;31.50;25.18858
39.50;31.50;23.34867
40.50;31.50;20.70870
41.50;31.50;19.49237
42.50;31.50;19.67701
43.50;31.50;19.57362
44.50;31.50;19.62850
45.50;31.50;20.06816
46.50;31.50;20.28459
47.50;31.50;20.27667
48.50;31.50;20.52888
49.50;31.50;20.90604
0.50;32.50;12.34360
1.50;32.50;12.60125
2.50;32.50;13.37263
3.50;32.50;14.65386
4.50;32.50;15.38704
5.50;32.50;16.46365
6.50;32.50;18.04176
7.50;32.50;19.28153
8.50;32.50;19.91226
9.50;32.50;20.58796
10.50;32.50;21.59008
11.50;32.50;21.71411
12.50;32.50;22.57665
13.50;32.50;22.09049
14.50;32.50;21.20228
15.50;32.50;20.03806
16.50;32.50;19.27507
17.50;32.50;16.43539
18.50;32.50;15.87616
19.50;32.50;16.14525
20.50;32.50;17.88214
21.50;32.50;18.80389
22.50;32.50;20.07572
23.50;32.50;21.24226
24.50;32.50;21.96432
25.50;32.50;21.23222
26.50;32.50;20.80615
27.50;32.50;19.48565
28.50;32.50;17.60687
29.50;32.50;16.25253
30.50;32.50;16.28993
31.50;32.50;17.06736
32.50;32.50;18.62149
33.50;32.50;20.15965
34.50;32.50;22.54669
35.50;32.50;24.73080
36.50;32.50;25.50758
37.50;32.50;25.31954
38.50;32.50;24.76559
39.50;32.50;24.04661
40.50;32.50;21.65718
41.50;32.50;20.06062
42.50;32.50;20.05309
43.50;32.50;19.94156
44.50;32.50;19.78255
45.50;32.50;20.22950
46.50;32.50;20.77934
47.50;32.50;20.71747
48.50;32.50;21.09450
49.50;32.50;21.33383
0.50;33.50;14.47027
1.50;33.50;14.37550
2.50;33.50;14.43242
3.50;33.50;14.71943
4.50;33.50;15.23014
5.50;33.50;16.06155
6.50;33.50;17.55071
7.50;33.50;18.82182
8.50;33.50;19.41234
9.50;33.50;20.38065
10.50;33.50;21.37528
11.50;33.50;21.52426
12.50;33.50;22.65289
13.50;33.50;22.53182
14.50;33.50;21.60118
15.50;33.50;20.59647
16.50;33.50;20.00071
17.50;33.50;17.73053
18.50;33.50;17.05759
19.50;33.50;17.47966
20.50;33.50;18.69737
21.50;33.50;19.32696
22.50;33.50;20.68253
23.50;33.50;22.18185
24.50;33.50;22.87751
25.50;33.50;22.24876
26.50;33.50;21.87881
27.50;33.50;20.26878
28.50;33.50;18.69150
29.50;33.50;16.58180
30.50;33.50;16.37898
31.50;33.50;16.89739
32.50;33.50;18.11729
33.50;33.50;19.49909
34.50;33.50;21.18245
35.50;33.50;23.97010
36.50;33.50;24.66276
37.50;33.50;24.56432
38.50;33.50;24.29157
39.50;33.50;23.77678
40.50;33.50;21.19235
41.50;33.50;19.75419
42.50;33.50;19.64231
43.50;33.50;19.54639
44.50;33.50;19.24288
45.50;33.50;20.02309
46.50;33.50;20.64789
47.50;33.50;20.76156
48.50;33.50;21.10417
49.50;33.50;21.49180
0.50;34.50;15.06367
1.50;34.50;14.72410
2.50;34.50;14.43715
3.50;34.50;14.21806
4.50;34.50;14.49862
5.50;34.50;15.10996
6.50;34.50;15.65448
7.50;34.50;17.37897
8.50;34.50;18.31488
9.50;34.50;19.61472
10.50;34.50;20.37257
11.50;34.50;20.93373
12.50;34.50;22.00166
13.50;34.50;21.98916
14.50;34.50;21.22221
15.50;34.50;20.56254
16.50;34.50;20.03057
17.50;34.50;18.19354
18.50;34.50;17.38399
19.50;34.50;17.86634
20.50;34.50;18.83979
21.50;34.50;19.55999
22.50;34.50;20.99912
23.50;34.50;22.45857
24.50;34.50;22.91108
25.50;34.50;22.33098
26.50;34.50;22.15548
27.50;34.50;20.49550
28.50;34.50;19.12849
29.50;34.50;17.51512
30.50;34.50;17.07225
31.50;34.50;16.97969
32.50;34.50;17.84007
33.50;34.50;19.37935
34.50;34.50;20.53727
35.50;34.50;21.76035
36.50;34.50;22.74704
37.50;34.50;22.73114
38.50;34.50;22.01420
39.50;34.50;21.31328
40.50;34.50;20.34037
41.50;34.50;19.16637
42.50;34.50;18.95486
43.50;34.50;19.00396
44.50;34.50;18.66808
45.50;34.50;19.72598
46.50;34.50;20.19832
47.50;34.50;20.42950
48.50;34.50;20.84218
49.50;34.50;21.17257
0.50;35.50;15.14696
1.50;35.50;14.70539
2.50;35.50;14.32794
3.50;35.50;13.62604
4.50;35.50;13.04906
5.50;35.50;12.82286
6.50;35.50;13.24351
7.50;35.50;15.42393
8.50;35.50;16.55811
9.50;35.50;18.18807
10.50;35.50;19.04725
11.50;35.50;19.80393
12.50;35.50;20.82413
13.50;35.50;20.94301
14.50;35.50;20.65652
15.50;35.50;20.57947
16.50;35.50;20.13661
17.50;35.50;18.63311
18.50;35.50;17.91383
19.50;35.50;18.22644
20.50;35.50;18.88194
21.50;35.50;19.60099
22.50;35.50;20.95230
23.50;35.50;22.16864
24.50;35.50;22.60691
25.50;35.50;21.97672
26.50;35.50;21.81906
27.50;35.50;20.42132
28.50;35.50;19.44554
29.50;35.50;18.32044
30.50;35.50;17.88741
31.50;35.50;17.44936
32.50;35.50;17.69430
33.50;35.50;18.91222
34.50;35.50;19.45888
35.50;35.50;20.36450
36.50;35.50;21.14311
37.50;35.50;21.39619
38.50;35.50;20.77044
39.50;35.50;20.60500
40.50;35.50;19.84697
41.50;35.50;18.42127
42.50;35.50;17.85582
43.50;35.50;17.78253
44.50;35.50;17.01372
45.50;35.50;17.97755
46.50;35.50;18.29822
47.50;35.50;18.68564
48.50;35.50;18.81584
49.50;35.50;19.05346
0.50;36.50;15.15159
1.50;36.50;14.57402
2.50;36.50;14.09778
3.50;36.50;12.48219
4.50;36.50;11.32299
5.50;36.50;10.19385
6.50;36.50;10.20280
7.50;36.50;12.27911
8.50;36.50;13.57583
9.50;36.50;16.08478
10.50;36.50;17.45440
11.50;36.50;18.66224
12.50;36.50;19.01629
13.50;36.50;19.41897
14.50;36.50;19.25574
15.50;36.50;19.69095
16.50;36.50;19.19176
17.50;36.50;18.80986
18.50;36.50;18.44387
19.50;36.50;18.72678
20.50;36.50;18.29267
21.50;36.50;18.65640
22.50;36.50;19.89767
23.50;36.50;21.02748
24.50;36.50;21.45964
25.50;36.50;21.29285
26.50;36.50;21.80724
27.50;36.50;20.83315
28.50;36.50;19.90496
29.50;36.50;19.10337
30.50;36.50;18.75633
31.50;36.50;18.06327
32.50;36.50;17.99356
33.50;36.50;18.59253
34.50;36.50;18.85181
35.50;36.50;19.42560
36.50;36.50;19.64923
37.50;36.50;19.79679
38.50;36.50;19.14109
39.50;36.50;19.07836
40.50;36.50;18.18260
41.50;36.50;16.96513
42.50;36.50;16.19651
43.50;36.50;15.76986
44.50;36.50;14.78950
45.50;36.50;15.18856
46.50;36.50;15.90855
47.50;36.50;16.29929
48.50;36.50;16.74843
49.50;36.50;16.95059
0.50;37.50;14.38025
1.50;37.50;13.67602
2.50;37.50;12.99576
3.50;37.50;11.32995
4.50;37.50;9.57223
5.50;37.50;7.65133
6.50;37.50;7.17626
7.50;37.50;9.06034
8.50;37.50;11.10233
9.50;37.50;14.54106
10.50;37.50;16.15922
11.50;37.50;17.29907
12.50;37.50;18.14444
13.50;37.50;18.46654
14.50;37.50;18.48928
15.50;37.50;19.22366
16.50;37.50;18.84580
17.50;37.50;18.52353
18.50;37.50;18.35949
19.50;37.50;18.54071
20.50;37.50;17.32398
21.50;37.50;17.66850
22.50;37.50;18.40437
23.50;37.50;19.38593
24.50;37.50;19.78967
25.50;37.50;20.17508
26.50;37.50;21.74873
27.50;37.50;21.73716
28.50;37.50;21.79545
29.50;37.50;21.07523
30.50;37.50;20.43769
31.50;37.50;18.90009
32.50;37.50;18.47790
33.50;37.50;17.58641
34.50;37.50;17.62224
35.50;37.50;17.33895
36.50;37.50;17.32897
37.50;37.50;17.30405
38.50;37.50;16.38368
39.50;37.50;15.50231
40.50;37.50;14.89662
41.50;37.50;13.63105
42.50;37.50;12.61249
43.50;37.50;12.74603
44.50;37.50;12.67399
45.50;37.50;13.50009
46.50;37.50;14.38500
47.50;37.50;14.93381
48.50;37.50;15.23476
49.50;37.50;16.02905
0.50;38.50;13.88860
1.50;38.50;13.05437
2.50;38.50;12.34943
3.50;38.50;11.41955
4.50;38.50;9.71733
5.50;38.50;6.43568
6.50;38.50;5.97467
7.50;38.50;8.00325
8.50;38.50;9.94394
9.50;38.50;11.02896
10.50;38.50;13.74564
11.50;38.50;15.19780
12.50;38.50;15.77448
13.50;38.50;16.35083
14.50;38.50;17.11140
15.50;38.50;18.20997
16.50;38.50;17.98288
17.50;38.50;17.92442
18.50;38.50;17.81910
19.50;38.50;17.69947
20.50;38.50;16.21984
21.50;38.50;16.50138
22.50;38.50;16.73408
23.50;38.50;17.81387
24.50;38.50;18.54645
25.50;38.50;19.35309
26.50;38.50;21.11387
27.50;38.50;21.70265
28.50;38.50;22.20844
29.50;38.50;21.89089
30.50;38.50;21.35449
31.50;38.50;19.76835
32.50;38.50;19.05967
33.50;38.50;17.56089
34.50;38.50;17.08202
35.50;38.50;16.35552
36.50;38.50;15.91318
37.50;38.50;15.54841
38.50;38.50;14.90127
39.50;38.50;13.81485
40.50;38.50;13.30053
41.50;38.50;11.98988
42.50;38.50;11.10960
43.50;38.50;11.42638
44.50;38.50;11.43320
45.50;38.50;12.28500
46.50;38.50;13.05968
47.50;38.50;13.75059
48.50;38.50;14.04941
49.50;38.50;14.80349
0.50;39.50;14.10261
1.50;39.50;13.43911
2.50;39.50;12.87729
3.50;39.50;12.09385
4.50;39.50;10.61124
5.50;39.50;8.81815
6.50;39.50;8.02059
7.50;39.50;8.62708
8.50;39.50;9.72747
9.50;39.50;10.45432
10.50;39.50;12.75154
11.50;39.50;14.47500
12.50;39.50;15.23938
13.50;39.50;16.03833
14.50;39.50;17.09181
15.50;39.50;18.22095
16.50;39.50;18.21546
17.50;39.50;18.16077
18.50;39.50;18.16622
19.50;39.50;17.78774
20.50;39.50;16.30397
21.50;39.50;16.14991
22.50;39.50;15.95023
23.50;39.50;16.79633
24.50;39.50;17.52528
25.50;39.50;18.79793
26.50;39.50;20.86943
27.50;39.50;22.96217
28.50;39.50;23.64084
29.50;39.50;23.66300
30.50;39.50;23.44936
31.50;39.50;22.02679
32.50;39.50;20.01562
33.50;39.50;17.71499
34.50;39.50;16.65778
35.50;39.50;15.32707
36.50;39.50;14.47972
37.50;39.50;13.58086
38.50;39.50;13.37776
39.50;39.50;11.99604
40.50;39.50;11.67304
41.50;39.50;10.09396
42.50;39.50;9.18094
43.50;39.50;9.33151
44.50;39.50;9.58279
45.50;39.50;10.61935
46.50;39.50;12.05125
47.50;39.50;12.82832
48.50;39.50;13.12313
49.50;39.50;13.99601
0.50;40.50;16.07084
1.50;40.50;15.45159
2.50;40.50;14.97559
3.50;40.50;13.38288
4.50;40.50;11.86522
5.50;40.50;10.55410
6.50;40.50;9.34282
7.50;40.50;8.26886
8.50;40.50;8.39309
9.50;40.50;8.83136
10.50;40.50;11.68605
11.50;40.50;13.50516
12.50;40.50;14.85475
13.50;40.50;15.77910
14.50;40.50;17.02833
15.50;40.50;18.09023
16.50;40.50;18.41563
17.50;40.50;18.33158
18.50;40.50;18.33715
19.50;40.50;17.84531
20.50;40.50;16.56285
21.50;40.50;15.84379
22.50;40.50;15.40087
23.50;40.50;16.00585
24.50;40.50;16.58654
25.50;40.50;18.13357
26.50;40.50;20.54568
27.50;40.50;23.15787
28.50;40.50;23.94511
29.50;40.50;24.12557
30.50;40.50;24.02085
31.50;40.50;22.92801
32.50;40.50;20.39687
33.50;40.50;18.27606
34.50;40.50;16.60551
35.50;40.50;14.72878
36.50;40.50;13.30570
37.50;40.50;11.49418
38.50;40.50;11.60088
39.50;40.50;10.81719
40.50;40.50;10.92428
41.50;40.50;9.73759
42.50;40.50;10.10314
43.50;40.50;10.11231
44.50;40.50;10.21174
45.50;40.50;11.03635
46.50;40.50;12.00220
47.50;40.50;12.62371
48.50;40.50;13.06498
49.50;40.50;13.93264
0.50;41.50;17.00399
1.50;41.50;16.45423
2.50;41.50;15.96413
3.50;41.50;14.50334
4.50;41.50;12.88271
5.50;41.50;11.69255
6.50;41.50;10.62743
7.50;41.50;9.74768
8.50;41.50;9.45394
9.50;41.50;9.19276
10.50;41.50;9.75774
11.50;41.50;11.11687
12.50;41.50;13.07028
13.50;41.50;14.54577
14.50;41.50;16.09408
15.50;41.50;16.88774
16.50;41.50;18.09564
17.50;41.50;18.17168
18.50;41.50;18.12271
19.50;41.50;17.41411
20.50;41.50;16.93606
21.50;41.50;15.59913
22.50;41.50;14.98951
23.50;41.50;15.45620
24.50;41.50;16.22917
25.50;41.50;17.89269
26.50;41.50;20.35644
27.50;41.50;23.25160
28.50;41.50;24.07265
29.50;41.50;24.46987
30.50;41.50;24.34953
31.50;41.50;23.46996
32.50;41.50;21.00855
33.50;41.50;19.04104
34.50;41.50;16.80113
35.50;41.50;14.71007
36.50;41.50;12.49362
37.50;41.50;10.63550
38.50;41.50;10.72333
39.50;41.50;10.82492
40.50;41.50;11.50091
41.50;41.50;11.33690
42.50;41.50;12.55613
43.50;41.50;12.49932
44.50;41.50;12.56179
45.50;41.50;12.83378
46.50;41.50;13.51528
47.50;41.50;14.29457
48.50;41.50;14.73345
49.50;41.50;15.43315
0.50;42.50;17.75129
1.50;42.50;17.14085
2.50;42.50;16.80593
3.50;42.50;15.46081
4.50;42.50;14.44189
5.50;42.50;13.81978
6.50;42.50;12.83923
7.50;42.50;11.50763
8.50;42.50;10.83264
9.50;42.50;9.95349
10.50;42.50;8.64112
11.50;42.50;9.07260
12.50;42.50;11.60748
13.50;42.50;13.69097
14.50;42.50;15.51614
15.50;42.50;16.31802
16.50;42.50;17.85057
17.50;42.50;18.02030
18.50;42.50;18.07404
19.50;42.50;17.45945
20.50;42.50;17.15068
21.50;42.50;15.88541
22.50;42.50;15.34552
23.50;42.50;15.21166
24.50;42.50;15.84841
25.50;42.50;16.76278
26.50;42.50;18.93655
27.50;42.50;21.92740
28.50;42.50;23.23260
29.50;42.50;23.84756
30.50;42.50;24.43921
31.50;42.50;24.09897
32.50;42.50;22.37292
33.50;42.50;20.67384
34.50;42.50;19.13478
35.50;42.50;15.65909
36.50;42.50;13.12840
37.50;42.50;11.75712
38.50;42.50;12.29088
39.50;42.50;12.88813
40.50;42.50;13.75555
41.50;42.50;13.89840
42.50;42.50;14.57872
43.50;42.50;14.51277
44.50;42.50;14.55519
45.50;42.50;14.51749
46.50;42.50;15.04514
47.50;42.50;15.46542
48.50;42.50;15.85304
49.50;42.50;16.34145
0.50;43.50;17.90325
1.50;43.50;17.53544
2.50;43.50;17.21476
3.50;43.50;15.85766
4.50;43.50;14.91522
5.50;43.50;14.71475
6.50;43.50;13.93753
7.50;43.50;12.36108
8.50;43.50;11.34384
9.50;43.50;10.28253
10.50;43.50;9.08481
11.50;43.50;8.03783
12.50;43.50;11.18177
13.50;43.50;13.13366
14.50;43.50;15.07756
15.50;43.50;15.82068
16.50;43.50;17.41914
17.50;43.50;17.72016
18.50;43.50;17.87160
19.50;43.50;17.54053
20.50;43.50;17.34894
21.50;43.50;16.13129
22.50;43.50;15.56224
23.50;43.50;15.11921
24.50;43.50;14.73813
25.50;43.50;15.75601
26.50;43.50;17.76169
27.50;43.50;20.91525
28.50;43.50;22.41544
29.50;43.50;23.42892
30.50;43.50;24.15246
31.50;43.50;23.99534
32.50;43.50;22.48766
33.50;43.50;20.88769
34.50;43.50;19.58045
35.50;43.50;16.87327
36.50;43.50;16.17320
37.50;43.50;15.82530
38.50;43.50;16.01049
39.50;43.50;15.78372
40.50;43.50;16.20584
41.50;43.50;15.25323
42.50;43.50;15.40548
43.50;43.50;15.71446
44.50;43.50;15.92244
45.50;43.50;16.10338
46.50;43.50;17.03808
47.50;43.50;17.42417
48.50;43.50;17.76690
49.50;43.50;18.28160
0.50;44.50;18.26501
1.50;44.50;17.94032
2.50;44.50;17.72535
3.50;44.50;16.36490
4.50;44.50;15.52075
5.50;44.50;15.16083
6.50;44.50;14.62571
7.50;44.50;13.13892
8.50;44.50;12.18416
9.50;44.50;11.51435
10.50;44.50;9.76778
11.50;44.50;7.89687
12.50;44.50;10.46273
13.50;44.50;12.10597
14.50;44.50;14.00087
15.50;44.50;14.86406
16.50;44.50;16.52028
17.50;44.50;16.84437
18.50;44.50;16.91188
19.50;44.50;16.84918
20.50;44.50;16.69589
21.50;44.50;15.56685
22.50;44.50;15.17932
23.50;44.50;15.04977
24.50;44.50;14.65855
25.50;44.50;15.25784
26.50;44.50;17.04295
27.50;44.50;19.16004
28.50;44.50;20.96162
29.50;44.50;22.69959
30.50;44.50;23.82374
31.50;44.50;23.92036
32.50;44.50;23.40863
33.50;44.50;22.07765
34.50;44.50;20.55410
35.50;44.50;19.09085
36.50;44.50;18.55219
37.50;44.50;18.53498
38.50;44.50;18.38190
39.50;44.50;17.95094
40.50;44.50;17.28415
41.50;44.50;16.40247
42.50;44.50;16.10803
43.50;44.50;16.61500
44.50;44.50;16.98941
45.50;44.50;17.46955
46.50;44.50;18.27053
47.50;44.50;18.76819
48.50;44.50;18.92437
49.50;44.50;19.34001
0.50;45.50;17.65821
1.50;45.50;17.66335
2.50;45.50;17.47460
3.50;45.50;16.70066
4.50;45.50;16.24318
5.50;45.50;15.78834
6.50;45.50;15.26246
7.50;45.50;14.26592
8.50;45.50;13.38801
9.50;45.50;12.68512
10.50;45.50;11.35077
11.50;45.50;9.96302
12.50;45.50;10.93184
13.50;45.50;11.71200
14.50;45.50;13.07558
15.50;45.50;14.00573
16.50;45.50;15.26708
17.50;45.50;15.61296
18.50;45.50;15.86229
19.50;45.50;15.82992
20.50;45.50;15.67754
21.50;45.50;14.66324
22.50;45.50;14.41346
23.50;45.50;14.33746
24.50;45.50;14.10744
25.50;45.50;14.76149
26.50;45.50;16.52973
27.50;45.50;18.57522
28.50;45.50;20.51216
29.50;45.50;22.66837
30.50;45.50;23.87159
31.50;45.50;24.37905
32.50;45.50;24.20715
33.50;45.50;23.30943
34.50;45.50;22.03943
35.50;45.50;20.47063
36.50;45.50;19.35964
37.50;45.50;19.45221
38.50;45.50;19.31395
39.50;45.50;19.40573
40.50;45.50;18.91829
41.50;45.50;18.34273
42.50;45.50;17.87687
43.50;45.50;19.91956
44.50;45.50;19.86863
45.50;45.50;20.30045
46.50;45.50;20.78826
47.50;45.50;21.26241
48.50;45.50;20.23733
49.50;45.50;20.61354
0.50;46.50;17.36395
1.50;46.50;17.67366
2.50;46.50;17.77732
3.50;46.50;17.44431
4.50;46.50;17.39904
5.50;46.50;17.18515
6.50;46.50;17.21971
7.50;46.50;16.42598
8.50;46.50;15.71907
9.50;46.50;15.12846
10.50;46.50;13.82964
11.50;46.50;11.05109
12.50;46.50;11.87151
13.50;46.50;12.29676
14.50;46.50;12.94750
15.50;46.50;13.69595
16.50;46.50;14.05910
17.50;46.50;14.39449
18.50;46.50;14.63041
19.50;46.50;14.74747
20.50;46.50;14.45135
21.50;46.50;14.11709
22.50;46.50;13.76050
23.50;46.50;13.58589
24.50;46.50;13.19136
25.50;46.50;13.45439
26.50;46.50;15.99658
27.50;46.50;17.90854
28.50;46.50;20.38876
29.50;46.50;22.63748
30.50;46.50;24.50093
31.50;46.50;25.23136
32.50;46.50;25.10544
33.50;46.50;24.32037
34.50;46.50;23.49072
35.50;46.50;21.55702
36.50;46.50;20.21388
37.50;46.50;20.86032
38.50;46.50;20.50382
39.50;46.50;20.63927
40.50;46.50;20.31638
41.50;46.50;20.10606
42.50;46.50;19.10964
43.50;46.50;20.97096
44.50;46.50;20.92448
45.50;46.50;21.48105
46.50;46.50;21.69123
47.50;46.50;22.28960
48.50;46.50;21.06563
49.50;46.50;21.36487
0.50;47.50;17.80341
1.50;47.50;18.23744
2.50;47.50;18.55794
3.50;47.50;19.34655
4.50;47.50;19.88313
5.50;47.50;19.77544
6.50;47.50;19.63540
7.50;47.50;18.96097
8.50;47.50;17.61199
9.50;47.50;16.05226
10.50;47.50;14.63510
11.50;47.50;12.36689
12.50;47.50;12.69068
13.50;47.50;12.89354
14.50;47.50;13.34179
15.50;47.50;13.94241
16.50;47.50;13.94729
17.50;47.50;13.90329
18.50;47.50;13.64606
19.50;47.50;13.70093
20.50;47.50;13.31086
21.50;47.50;12.89895
22.50;47.50;12.50503
23.50;47.50;12.62932
24.50;47.50;12.37270
25.50;47.50;13.14418
26.50;47.50;15.86691
27.50;47.50;18.58098
28.50;47.50;21.13333
29.50;47.50;23.08511
30.50;47.50;24.98633
31.50;47.50;25.88350
32.50;47.50;26.66753
33.50;47.50;25.71399
34.50;47.50;24.87326
35.50;47.50;23.59706
36.50;47.50;22.82790
37.50;47.50;22.35888
38.50;47.50;21.63467
39.50;47.50;21.61231
40.50;47.50;21.50259
41.50;47.50;21.51341
42.50;47.50;19.95628
43.50;47.50;21.62347
44.50;47.50;22.10338
45.50;47.50;22.26231
46.50;47.50;22.11633
47.50;47.50;22.68394
48.50;47.50;21.56800
49.50;47.50;21.32354
0.50;48.50;17.95626
1.50;48.50;18.42691
2.50;48.50;18.79197
3.50;48.50;19.82540
4.50;48.50;20.34840
5.50;48.50;20.19056
6.50;48.50;20.15196
7.50;48.50;19.66310
8.50;48.50;18.39875
9.50;48.50;16.65302
10.50;48.50;15.13309
11.50;48.50;13.01712
12.50;48.50;13.14943
13.50;48.50;13.15469
14.50;48.50;13.39825
15.50;48.50;14.06394
16.50;48.50;13.90819
17.50;48.50;13.59092
18.50;48.50;13.08617
19.50;48.50;12.76806
20.50;48.50;12.19014
21.50;48.50;11.71847
22.50;48.50;11.12412
23.50;48.50;11.52105
24.50;48.50;11.76994
25.50;48.50;12.51072
26.50;48.50;16.11268
27.50;48.50;19.01012
28.50;48.50;22.14238
29.50;48.50;23.70791
30.50;48.50;26.20189
31.50;48.50;27.16807
32.50;48.50;27.86288
33.50;48.50;26.95137
34.50;48.50;25.94328
35.50;48.50;24.23496
36.50;48.50;23.27074
37.50;48.50;22.79528
38.50;48.50;21.91519
39.50;48.50;22.12932
40.50;48.50;21.93966
41.50;48.50;22.38703
42.50;48.50;20.47890
43.50;48.50;22.56163
44.50;48.50;22.94504
45.50;48.50;23.04944
46.50;48.50;22.62216
47.50;48.50;23.13950
48.50;48.50;21.90302
49.50;48.50;21.42777
0.50;49.50;17.83482
1.50;49.50;18.58675
2.50;49.50;18.98550
3.50;49.50;20.29251
4.50;49.50;21.28267
5.50;49.50;21.12359
6.50;49.50;21.08485
7.50;49.50;20.41315
8.50;49.50;19.14740
9.50;49.50;17.24941
10.50;49.50;15.72369
11.50;49.50;13.70591
12.50;49.50;13.71088
13.50;49.50;13.52034
14.50;49.50;13.83456
15.50;49.50;14.27070
16.50;49.50;14.14119
17.50;49.50;13.83948
18.50;49.50;13.25390
19.50;49.50;12.77356
20.50;49.50;11.72493
21.50;49.50;10.56231
22.50;49.50;9.09698
23.50;49.50;9.59332
24.50;49.50;10.47112
25.50;49.50;12.19611
26.50;49.50;16.01513
27.50;49.50;19.47895
28.50;49.50;21.77201
29.50;49.50;23.51165
30.50;49.50;26.34504
31.50;49.50;27.55137
32.50;49.50;28.74012
33.50;49.50;28.24410
34.50;49.50;27.05651
35.50;49.50;24.53241
36.50;49.50;23.38849
37.50;49.50;22.81154
38.50;49.50;21.84283
39.50;49.50;22.47308
40.50;49.50;22.89425
41.50;49.50;23.36851
42.50;49.50;21.43837
43.50;49.50;23.53275
44.50;49.50;23.80015
45.50;49.50;23.73066
46.50;49.50;23.32898
47.50;49.50;23.68536
48.50;49.50;22.27593
49.50;49.50;21.54606
